{"cameraMode":{"drawMode":0,"name":"Shaded","section":"Shading Mode"},"sceneLighting":true,"audioPlay":false,"sceneViewState":{"m_AlwaysRefresh":false,"showFog":true,"showSkybox":true,"showFlares":true,"showImageEffects":true,"showParticleSystems":true,"showVisualEffectGraphs":true,"m_FxEnabled":true},"in2DMode":false,"pivot":{"x":528.8529663085938,"y":0.08049887418746948,"z":421.81536865234377},"rotation":{"x":-0.4607239365577698,"y":0.0005313419387675822,"z":-0.0002738394250627607,"w":-0.8875468373298645},"size":0.8660253882408142,"orthographic":true}